Modality,Operator,PSNR,FOM
mri,Sobel,26.610909283365377,0.5266263548713095
mri,Prewitt,26.56198733668215,0.5336419093716069
mri,Kirsch,26.57870911138194,0.5475176429702355
mri,LoG,25.8368639794756,0.5099318501765088
mri,Roberts,26.71164529032528,0.5053245613186319
mri,Frei-Chen,26.587306611334768,0.5304400844489917
mri,Sobel,26.828996369202734,0.5520168203602823
mri,Prewitt,26.821606962502162,0.5590477190963999
mri,Kirsch,26.822614405542765,0.5728789656308638
mri,LoG,26.241094338624773,0.5149496609040579
mri,Roberts,26.842998645120502,0.5308798969425189
mri,Frei-Chen,26.82474642496306,0.5553148199451712
mri,Sobel,26.261385360802052,0.5568449499210356
mri,Prewitt,26.24679081795624,0.5644790883055768
mri,Kirsch,26.22760519543612,0.5768507075393535
mri,LoG,25.523059524535437,0.5240421418852454
mri,Roberts,26.31199300353259,0.5330844901307714
mri,Frei-Chen,26.253486589188405,0.5602881764103167
mri,Sobel,25.619578402272406,0.6123244852302872
mri,Prewitt,25.6369200391742,0.6183817531055642
mri,Kirsch,25.79008379247973,0.6296758248686494
mri,LoG,24.998783225153023,0.5724682313167274
mri,Roberts,25.651694467595526,0.5955932139988879
mri,Frei-Chen,25.628004102197607,0.6151784162262423
mri,Sobel,25.134480773589964,0.7111191987060765
mri,Prewitt,25.092545925146187,0.7188131887456258
mri,Kirsch,25.158056594789613,0.7280165026854611
mri,LoG,24.497884628768773,0.6647974286767602
mri,Roberts,25.13360384525663,0.6892961360508167
mri,Frei-Chen,25.112935951228742,0.7146824362892669
mri,Sobel,24.274588667245624,0.7787748884465858
mri,Prewitt,24.232400710471666,0.7858793816995824
mri,Kirsch,24.27152930707155,0.7906964247024086
mri,LoG,23.431461932932724,0.7212551874769448
mri,Roberts,24.228159388061847,0.75248180994991
mri,Frei-Chen,24.252982988424037,0.7813554107937191
mri,Sobel,24.90893546045859,0.716461920150529
mri,Prewitt,24.87787063018951,0.7223627269206834
mri,Kirsch,25.06500186483784,0.7322785203332878
mri,LoG,24.447693069780723,0.6647403081661806
mri,Roberts,24.965411872219182,0.6863486666392283
mri,Frei-Chen,24.892520527198904,0.7196375375041433
mri,Sobel,26.08676205376525,0.6420529395000039
mri,Prewitt,26.068021103350123,0.6505283070175685
mri,Kirsch,26.152937532949334,0.6564496284926704
mri,LoG,25.352484552728832,0.6030201287222068
mri,Roberts,26.07442222316792,0.6140879622278385
mri,Frei-Chen,26.077093091073337,0.6457900859767032
mri,Sobel,25.105091017097536,0.7280139630471166
mri,Prewitt,25.042880527752583,0.7361235399558019
mri,Kirsch,25.071971412382517,0.7448201518631017
mri,LoG,24.625201754793853,0.6823605497338359
mri,Roberts,25.16054345925117,0.700439622153234
mri,Frei-Chen,25.07284084574341,0.7326965693421196
mri,Sobel,25.322014308335937,0.6833803975466487
mri,Prewitt,25.321305085175144,0.6904442965641788
mri,Kirsch,25.296067210369774,0.700412468803832
mri,LoG,24.44848706500966,0.6488240091631164
mri,Roberts,25.171584118268974,0.655683788782501
mri,Frei-Chen,25.336965982024875,0.6868958345489747
mri,Sobel,24.95168178758115,0.7146341779766126
mri,Prewitt,24.93813510921402,0.7198821814777618
mri,Kirsch,24.879844007276812,0.7320852393284515
mri,LoG,23.66520649625926,0.6705795062692992
mri,Roberts,24.730617655223437,0.685725899146192
mri,Frei-Chen,24.955989659008154,0.7181159308078923
mri,Sobel,25.239841077598996,0.6946561406897412
mri,Prewitt,25.252169330000687,0.7022823439121852
mri,Kirsch,25.214688695089578,0.7104170747176337
mri,LoG,24.114632886399416,0.6530131924306598
mri,Roberts,25.13512877798489,0.6666712786584705
mri,Frei-Chen,25.246242268925254,0.6979082792272104
mri,Sobel,24.61791472352358,0.7471792076264424
mri,Prewitt,24.574113139549855,0.7541669343460369
mri,Kirsch,24.59820908479969,0.7604402572883746
mri,LoG,23.459508962616212,0.6986189265407536
mri,Roberts,24.57210807305932,0.7262419102584674
mri,Frei-Chen,24.595329741950156,0.7500117928827253
mri,Sobel,24.654002727645874,0.7715916169674581
mri,Prewitt,24.6778467993687,0.7778239712256189
mri,Kirsch,24.6169879285773,0.7851795575018181
mri,LoG,23.4893107122305,0.7159408681187212
mri,Roberts,24.569066423339024,0.7449852668316099
mri,Frei-Chen,24.666554855680122,0.7740306681495893
mri,Sobel,23.50117961448472,0.7167215146713951
mri,Prewitt,23.499201151541044,0.724980046700704
mri,Kirsch,23.448576765820587,0.7330746768639864
mri,LoG,22.523817036449735,0.6708089286250212
mri,Roberts,23.42624643795237,0.6819753835502876
mri,Frei-Chen,23.505082233301323,0.7210272448025836
mri,Sobel,23.127312938737216,0.7331727774142515
mri,Prewitt,23.1272935036397,0.7423508205119248
mri,Kirsch,23.095258368396777,0.7521293464685125
mri,LoG,22.409524792928764,0.6777355803972162
mri,Roberts,23.112055616330114,0.6973084805197206
mri,Frei-Chen,23.126521869789805,0.7376551671904276
mri,Sobel,23.210634630701467,0.7328726167021663
mri,Prewitt,23.208233485970418,0.739974624523251
mri,Kirsch,23.096511192646503,0.7510503131603011
mri,LoG,22.37269242921771,0.6793219204057857
mri,Roberts,23.12688375411881,0.6937765240403904
mri,Frei-Chen,23.208980129703196,0.736819745153783
mri,Sobel,24.36860721412834,0.6545018389474766
mri,Prewitt,24.327434006321592,0.6617704724466801
mri,Kirsch,24.340520078943126,0.6705325048328076
mri,LoG,23.25430726019887,0.6179002305670058
mri,Roberts,24.33652385681803,0.6271219426189105
mri,Frei-Chen,24.346917584799673,0.6574894364892481
mri,Sobel,24.146258978297503,0.6824552214424762
mri,Prewitt,24.120531442840164,0.6886916651244764
mri,Kirsch,24.220122223092886,0.700140875747986
mri,LoG,23.0808375038696,0.6391369619088791
mri,Roberts,24.053137061694795,0.649789709248231
mri,Frei-Chen,24.132539892654457,0.6865501316593009
mri,Sobel,24.34053971964865,0.6758712542822037
mri,Prewitt,24.290478201662932,0.6851034588749528
mri,Kirsch,24.388227981748265,0.6925043731557378
mri,LoG,23.18658529673374,0.6431171833520057
mri,Roberts,24.428650234022488,0.6486766341632958
mri,Frei-Chen,24.31428781971043,0.6805541607874148
mri,Sobel,25.585019782881055,0.5312242814764131
mri,Prewitt,25.549059951206377,0.5407342689737752
mri,Kirsch,25.69495657973348,0.5524969084308595
mri,LoG,24.63192875948101,0.5267298415851436
mri,Roberts,25.692969385222973,0.5129588710514571
mri,Frei-Chen,25.56587261012369,0.5361734453325699
mri,Sobel,24.364450282564615,0.6910846628952929
mri,Prewitt,24.35144067072867,0.6983118768530479
mri,Kirsch,24.43797647625086,0.7081711868887152
mri,LoG,23.26001463378848,0.645284137893576
mri,Roberts,24.45540113446772,0.6612556922021394
mri,Frei-Chen,24.35710467519458,0.695295596588772
mri,Sobel,24.78726895165517,0.6561558341902709
mri,Prewitt,24.77235342589156,0.664155433832714
mri,Kirsch,24.744753065792636,0.675027432269194
mri,LoG,23.578520111889134,0.6239796825971635
mri,Roberts,24.74590466730103,0.6278101593094968
mri,Frei-Chen,24.77949211125373,0.6611360589181314
mri,Sobel,25.433392284266972,0.6421832698903673
mri,Prewitt,25.365311154188607,0.6497863546382536
mri,Kirsch,25.43193138988029,0.6620961127004422
mri,LoG,24.496241843663867,0.6122343069574594
mri,Roberts,25.34750235942003,0.6152170126152965
mri,Frei-Chen,25.398099075403945,0.6458125159309829
mri,Sobel,26.020624275089297,0.5515517083910999
mri,Prewitt,25.972832674709394,0.5588925277104798
mri,Kirsch,25.931670360623524,0.5713378178064924
mri,LoG,25.03408049026484,0.5344431424291305
mri,Roberts,26.028418956111903,0.5277147879698771
mri,Frei-Chen,25.995723154324054,0.5548274162484651
mri,Sobel,26.546639856653957,0.4984766237609215
mri,Prewitt,26.493092489884965,0.5077243466586331
mri,Kirsch,26.473961323016187,0.5224298790491725
mri,LoG,25.46227159723149,0.4857185321542382
mri,Roberts,26.427593802695405,0.47408495407282913
mri,Frei-Chen,26.51873349724681,0.5031975573281576
mri,Sobel,26.433562890018546,0.5044396342147216
mri,Prewitt,26.417887910915027,0.5142804335264297
mri,Kirsch,26.428156879646036,0.5277872162292273
mri,LoG,25.508223829870165,0.48997457514808573
mri,Roberts,26.31635924619227,0.4768502622536699
mri,Frei-Chen,26.42496373177478,0.5092086623360613
mri,Sobel,26.906394004430425,0.43655535965799436
mri,Prewitt,26.875796883260655,0.4465274597890881
mri,Kirsch,26.715001111017816,0.4573215506535411
mri,LoG,25.90928162080088,0.43472924078623015
mri,Roberts,26.761942874067127,0.4069592404009086
mri,Frei-Chen,26.89017051364777,0.4421518556631873
mri,Sobel,24.415881322011135,0.5994836265783615
mri,Prewitt,24.423714469004118,0.6093239414033222
mri,Kirsch,24.49679530134425,0.6256235825944312
mri,LoG,23.709372798423004,0.5695684282766452
mri,Roberts,24.52378091459839,0.5746045860275657
mri,Frei-Chen,24.419051224531554,0.6059733243271037
mri,Sobel,22.293358679440473,0.754531781707852
mri,Prewitt,22.28452911925921,0.7647809554593064
mri,Kirsch,22.181609407731795,0.7739314566645765
mri,LoG,21.55637317924284,0.68850202475518
mri,Roberts,22.00982105163184,0.7167226444811508
mri,Frei-Chen,22.288265569846608,0.7592234852131363
mri,Sobel,23.030112429466016,0.6580564108643688
mri,Prewitt,23.02411133132541,0.6666101352000782
mri,Kirsch,22.858869120895626,0.6827437449934878
mri,LoG,22.402357234728235,0.6077228120709035
mri,Roberts,22.969183806113563,0.6215631948294787
mri,Frei-Chen,23.026474827506966,0.6631839751988304
mri,Sobel,23.76554997101656,0.5981338661034538
mri,Prewitt,23.77842637594375,0.609082872439208
mri,Kirsch,23.649768639809643,0.6210285175141601
mri,LoG,23.041443946716615,0.5648390562069688
mri,Roberts,23.568663472528254,0.5658147812430484
mri,Frei-Chen,23.771654871351075,0.6042321019949795
mri,Sobel,25.038350351347468,0.479357633505281
mri,Prewitt,25.00434194377963,0.4894316756794241
mri,Kirsch,24.941782171764224,0.4970165608664348
mri,LoG,24.047359767447777,0.47265843539068914
mri,Roberts,25.048616278221814,0.4454864923135304
mri,Frei-Chen,25.020460920548317,0.48398288888770025
mri,Sobel,23.905459409957686,0.6351993745880729
mri,Prewitt,23.843918863869114,0.6484594657306071
mri,Kirsch,23.831569276183235,0.6563232827693241
mri,LoG,22.860981263944645,0.6044966301068994
mri,Roberts,23.885724254750397,0.6051040542244391
mri,Frei-Chen,23.87572815533276,0.6411104741262625
mri,Sobel,23.900282233735183,0.6276884610048306
mri,Prewitt,23.843817761211326,0.638152788827626
mri,Kirsch,23.807135483490455,0.6489013670880448
mri,LoG,22.832459457868183,0.5930485954776796
mri,Roberts,23.96981533200753,0.5950521007620747
mri,Frei-Chen,23.870870529358786,0.6327879533267394
mri,Sobel,25.15584738355326,0.5409032347939297
mri,Prewitt,25.11442589889853,0.5496162152561044
mri,Kirsch,25.102788182583048,0.5654297169863897
mri,LoG,24.142429795213253,0.5245920568651405
mri,Roberts,25.124097383933147,0.5104582924006875
mri,Frei-Chen,25.134252871269908,0.5451948359996996
mri,Sobel,23.04390426315308,0.7343264146637969
mri,Prewitt,22.98312477514591,0.7412972689005562
mri,Kirsch,22.95902582779913,0.7534874553513269
mri,LoG,22.04140779389477,0.681149622015233
mri,Roberts,23.163330753008616,0.7062675869059959
mri,Frei-Chen,23.012025187313967,0.7375825120888229
mri,Sobel,22.94974281772102,0.7549828902094623
mri,Prewitt,22.888204298463993,0.7620310347182838
mri,Kirsch,22.908403574721405,0.7701422619831684
mri,LoG,21.898694220592546,0.693086238785303
mri,Roberts,22.92350267615705,0.7245110634846217
mri,Frei-Chen,22.91754557962602,0.7585654193660707
mri,Sobel,22.551591352676237,0.824982397136006
mri,Prewitt,22.49467149360134,0.8321568598441528
mri,Kirsch,22.54312619313779,0.8390449925086327
mri,LoG,21.527799324652097,0.7600064177765
mri,Roberts,22.49527968871291,0.7989978984269431
mri,Frei-Chen,22.52176625003177,0.82900393844305
mri,Sobel,22.55023092234637,0.82434916489817
mri,Prewitt,22.54374955463526,0.830630351329651
mri,Kirsch,22.5374985574923,0.837528867849034
mri,LoG,21.541427801392615,0.757762310807237
mri,Roberts,22.485073035175596,0.7985609508533981
mri,Frei-Chen,22.546379218116137,0.8277624099605108
mri,Sobel,23.867949288714954,0.6991542095172091
mri,Prewitt,23.843640705973222,0.7079949390724825
mri,Kirsch,23.70328900526834,0.7172816212308426
mri,LoG,22.71544792847414,0.6551700150582106
mri,Roberts,23.63441020252686,0.669151517439444
mri,Frei-Chen,23.85548609346975,0.7037847529454235
mri,Sobel,23.099899743912445,0.7139008919975408
mri,Prewitt,23.15232111459543,0.7231960667793035
mri,Kirsch,23.029893977839517,0.7321177051117618
mri,LoG,21.995900516807442,0.6617453700386783
mri,Roberts,22.937198799552423,0.681866286459753
mri,Frei-Chen,23.126870787641188,0.7188710509763307
mri,Sobel,22.456768356921625,0.7087614791819411
mri,Prewitt,22.460255416280788,0.7183217691740916
mri,Kirsch,22.483964738341335,0.7288992001286223
mri,LoG,21.60743450625965,0.654889918443562
mri,Roberts,22.53938787415375,0.6797533185366732
mri,Frei-Chen,22.457766459451655,0.7127024894098258
mri,Sobel,22.618280113801386,0.6960128235756501
mri,Prewitt,22.5981590520747,0.7086223147090874
mri,Kirsch,22.56460290186748,0.713058867976964
mri,LoG,21.66062366993494,0.653279377289204
mri,Roberts,22.47923531050585,0.6642653185001579
mri,Frei-Chen,22.60727368683325,0.7032232938621084
mri,Sobel,14.094386902869156,0.9337926298507042
mri,Prewitt,14.084815091719651,0.932708993195331
mri,Kirsch,14.08701688919127,0.9333398792338925
mri,LoG,14.090761140186396,0.8165315250212882
mri,Roberts,14.085040381357137,0.9277510344965326
mri,Frei-Chen,14.08824178034861,0.933167578815269
mri,Sobel,14.433369020871254,0.9339919301338455
mri,Prewitt,14.446128536941067,0.9329655041096339
mri,Kirsch,14.433842771860569,0.9332546954346498
mri,LoG,14.439267777465744,0.8134314081176477
mri,Roberts,14.455619322087758,0.9272471391794401
mri,Frei-Chen,14.438864124568555,0.9333994223840207
mri,Sobel,12.2975389246389,0.9512079314164197
mri,Prewitt,12.278549856287936,0.9501798720884731
mri,Kirsch,12.271855340925535,0.9487751701573559
mri,LoG,12.582210847154453,0.8543667233520028
mri,Roberts,12.442923573598657,0.9418250174089887
mri,Frei-Chen,12.286343738308936,0.9509511762660103
mri,Sobel,12.477910653599185,0.9506468169485911
mri,Prewitt,12.47819863916246,0.9497624678145404
mri,Kirsch,12.44416557809932,0.9493598567563531
mri,LoG,12.518855962932774,0.8543372055884413
mri,Roberts,12.336202946061174,0.9425099219348464
mri,Frei-Chen,12.476670004741962,0.950055437909568
mri,Sobel,12.927426084071612,0.9513666511389676
mri,Prewitt,12.924219880347376,0.9504125613934926
mri,Kirsch,12.894313916884508,0.9498957296714934
mri,LoG,12.888011522404298,0.8539450498402618
mri,Roberts,12.886708984119364,0.9436816674644128
mri,Frei-Chen,12.924269157787302,0.9510411997399785
mri,Sobel,12.967117924499709,0.950951418045941
mri,Prewitt,12.976106017569878,0.9502447841573146
mri,Kirsch,12.986572700955746,0.9501900192178088
mri,LoG,12.946953697528228,0.8568921211493322
mri,Roberts,12.99411330379858,0.9430297824782649
mri,Frei-Chen,12.9705362109556,0.9506667488386008
mri,Sobel,12.113818595959167,0.9494788819037038
mri,Prewitt,12.134652861285637,0.9482989100330982
mri,Kirsch,12.15172829900384,0.9477896536070546
mri,LoG,12.19576507749644,0.8571038103912558
mri,Roberts,11.996947156014922,0.9416151692242526
mri,Frei-Chen,12.12309156650086,0.9489381171699433
mri,Sobel,11.94080979014682,0.9480159597550539
mri,Prewitt,11.961345650287534,0.946894322961802
mri,Kirsch,11.908619493082702,0.9468090459924705
mri,LoG,11.80972204912646,0.8546925959514796
mri,Roberts,11.839071982745468,0.9406187455096389
mri,Frei-Chen,11.953678742075141,0.9474839218993278
mri,Sobel,11.539446583356508,0.9479301502981694
mri,Prewitt,11.547563993067412,0.9465707776560687
mri,Kirsch,11.53344574095087,0.9468940782531116
mri,LoG,11.32987164097812,0.8611120009982178
mri,Roberts,11.48444244264045,0.9389903341716576
mri,Frei-Chen,11.547346054310994,0.9472268389631756
mri,Sobel,11.514115500330949,0.9458185779715627
mri,Prewitt,11.552419988413973,0.9443310345781146
mri,Kirsch,11.527362447913472,0.9442023018020486
mri,LoG,11.455983121409218,0.8570856747547512
mri,Roberts,11.40335986361471,0.9370408559892843
mri,Frei-Chen,11.532358779683316,0.9450984968820704
mri,Sobel,11.106195664003932,0.9459760945902904
mri,Prewitt,11.18395247112228,0.944402384357374
mri,Kirsch,11.189278922188432,0.9444107681620105
mri,LoG,11.036290462586154,0.8533741143800647
mri,Roberts,11.067583610665377,0.938641393335151
mri,Frei-Chen,11.144341804696364,0.9454009419548489
mri,Sobel,11.697345996718209,0.9461461933081408
mri,Prewitt,11.704677093777953,0.9451294365052914
mri,Kirsch,11.748771554358598,0.9454985240615471
mri,LoG,11.60797671702375,0.851774709310946
mri,Roberts,11.703709043957744,0.9384919216872597
mri,Frei-Chen,11.699499836977763,0.9457043121701448
mri,Sobel,11.573192481478426,0.9465604125473875
mri,Prewitt,11.614836045220354,0.9454890756065754
mri,Kirsch,11.583472926243495,0.9453984152336735
mri,LoG,11.510696085487853,0.8528504275242077
mri,Roberts,11.516677185820644,0.9391990084464672
mri,Frei-Chen,11.598052744385694,0.94605979548746
mri,Sobel,11.449632696201967,0.945705295390498
mri,Prewitt,11.446866858070301,0.944774250151552
mri,Kirsch,11.390017346727117,0.9445758195543712
mri,LoG,11.356675491280324,0.8506799273619902
mri,Roberts,11.367015293212678,0.9366166751209463
mri,Frei-Chen,11.456015188252186,0.9452067663850972
mri,Sobel,11.112716580962172,0.9435728075003164
mri,Prewitt,11.129526273760288,0.9423064988427918
mri,Kirsch,11.125902721859564,0.9424156118105134
mri,LoG,11.046309454294512,0.8466245788969177
mri,Roberts,11.139649030890338,0.9135741981868122
mri,Frei-Chen,11.12006913233188,0.9429948832945507
mri,Sobel,10.89958649952251,0.9280541264780338
mri,Prewitt,10.910269191274281,0.933391875070323
mri,Kirsch,10.89947373167961,0.9362967191479992
mri,LoG,10.650497987341565,0.8495496982491639
mri,Roberts,10.919419664776598,0.9042771278624558
mri,Frei-Chen,10.90392708864124,0.929467064557442
mri,Sobel,10.588461972198672,0.9242178521036135
mri,Prewitt,10.627410492832055,0.9244998534620268
mri,Kirsch,10.580605940531882,0.9253028938050715
mri,LoG,10.338758330169204,0.8495981059065596
mri,Roberts,10.491057837238543,0.892923263693486
mri,Frei-Chen,10.607153206614417,0.9245769255993467
mri,Sobel,10.886291615385211,0.9420652984169741
mri,Prewitt,10.866151989061148,0.9409256183295641
mri,Kirsch,10.9041694550626,0.9405777255346465
mri,LoG,10.525851374547662,0.8467171198412423
mri,Roberts,10.866025010316108,0.9337577265664828
mri,Frei-Chen,10.874428819472413,0.9414092571285368
mri,Sobel,11.100976915010124,0.940625102254973
mri,Prewitt,11.117258297004398,0.9396561801239689
mri,Kirsch,11.089690241679302,0.9399283647862668
mri,LoG,11.326197321962256,0.8433556282453849
mri,Roberts,11.011001894012749,0.9279504466272411
mri,Frei-Chen,11.108163599335327,0.9400631857986621
mri,Sobel,12.000014980214019,0.9392896283250732
mri,Prewitt,12.03762919862486,0.9382701986345148
mri,Kirsch,11.988589235707703,0.9390948511603717
mri,LoG,12.245629915050717,0.8367961735048001
mri,Roberts,11.952388996317495,0.9321084167264605
mri,Frei-Chen,12.018423369277116,0.9389286245939273
mri,Sobel,11.017518214055379,0.9339457996225241
mri,Prewitt,11.046184118044206,0.9331139718717392
mri,Kirsch,11.002847226274765,0.9335564180988412
mri,LoG,11.21207422923002,0.8301003368053379
mri,Roberts,11.007616443792383,0.9266756119854889
mri,Frei-Chen,11.031032981260598,0.9335655516783313
mri,Sobel,11.235568132296649,0.9347879858626135
mri,Prewitt,11.265280331103844,0.9338836130694556
mri,Kirsch,11.263510486156774,0.9339425797383345
mri,LoG,11.416620906108975,0.8284714713916543
mri,Roberts,11.232592024017416,0.9273488804498596
mri,Frei-Chen,11.24979211438119,0.9342633096396746
mri,Sobel,12.11307638333269,0.9318715935020444
mri,Prewitt,12.130137800265047,0.9309584405384367
mri,Kirsch,12.097150340743795,0.930957630022553
mri,LoG,12.38625916545242,0.8351473692046496
mri,Roberts,12.112901289523677,0.9253026719927209
mri,Frei-Chen,12.12261094818766,0.9314259802873648
mri,Sobel,12.754091280917972,0.9320680767626
mri,Prewitt,12.742904678942594,0.9313001762902712
mri,Kirsch,12.740708824686442,0.9323390187867677
mri,LoG,13.052390997978202,0.8355409403695924
mri,Roberts,12.74880301571467,0.9252111456045002
mri,Frei-Chen,12.746892747301487,0.9315641169184193
mri,Sobel,11.2333574773573,0.9320249210717811
mri,Prewitt,11.245401868936737,0.9309662428109097
mri,Kirsch,11.238712833776168,0.9315671402252826
mri,LoG,11.485874702362175,0.8424443197949736
mri,Roberts,11.197495750164412,0.9255771844987624
mri,Frei-Chen,11.238214134924664,0.9315097811527913
mri,Sobel,12.015065388173582,0.9309930466626489
mri,Prewitt,12.00527517719811,0.9300389131324458
mri,Kirsch,11.988741964585385,0.9304719016080351
mri,LoG,12.340477482381313,0.8394877248299427
mri,Roberts,11.98504174862415,0.924822596494601
mri,Frei-Chen,12.008441124739026,0.9305015009953838
mri,Sobel,11.532763381386452,0.932367017138644
mri,Prewitt,11.526130376109604,0.9314502153296129
mri,Kirsch,11.497804495081443,0.9319541642092867
mri,LoG,11.827481315447685,0.8406033144180673
mri,Roberts,11.49941674345124,0.926190558179863
mri,Frei-Chen,11.530259616422615,0.9318265832004878
mri,Sobel,11.489682629045689,0.9320924214852206
mri,Prewitt,11.478466561494162,0.9311541256647173
mri,Kirsch,11.47309542778701,0.9319562702715283
mri,LoG,11.829475648607573,0.8380089842992232
mri,Roberts,11.45981047977676,0.9249543283477741
mri,Frei-Chen,11.482476655337798,0.9316941349813918
mri,Sobel,11.601850413483188,0.9311650801553264
mri,Prewitt,11.589570874654239,0.9303112771057744
mri,Kirsch,11.576072831189455,0.9309128774262091
mri,LoG,11.964954262290505,0.8326145751354723
mri,Roberts,11.613951924269127,0.924094930140308
mri,Frei-Chen,11.594096911259808,0.9306124608034735
mri,Sobel,11.943176592274945,0.9313252292487788
mri,Prewitt,11.933263207674681,0.9296902441673423
mri,Kirsch,11.91668070520925,0.9307157226956133
mri,LoG,12.290599734566989,0.8336038413315672
mri,Roberts,11.935084648298822,0.9238769085678291
mri,Frei-Chen,11.936655901794877,0.9303047634571985
mri,Sobel,11.743977022355196,0.9301215188067212
mri,Prewitt,11.740203648136907,0.928722231460761
mri,Kirsch,11.727105598398271,0.9293265871359366
mri,LoG,12.095222445537042,0.8332418373045241
mri,Roberts,11.75479617006306,0.9238498153497695
mri,Frei-Chen,11.74070491217975,0.929393680091407
mri,Sobel,12.35169932408747,0.9290503950250547
mri,Prewitt,12.347903331507435,0.9281391070287595
mri,Kirsch,12.319824486839728,0.9290412567579278
mri,LoG,12.661229194536372,0.8261188394061733
mri,Roberts,12.311356041318025,0.9224186203402703
mri,Frei-Chen,12.34845073391978,0.9285144030728149
mri,Sobel,12.49008396904028,0.9286662235501635
mri,Prewitt,12.486750481728402,0.9273761753373971
mri,Kirsch,12.454393682908007,0.9284096301078086
mri,LoG,12.79828174051376,0.8278980347504115
mri,Roberts,12.474080911142364,0.9209967757787818
mri,Frei-Chen,12.48701729692916,0.9279954061724672
mri,Sobel,12.294911139787608,0.9287085907802751
mri,Prewitt,12.291862168723707,0.927801881040176
mri,Kirsch,12.261456797757136,0.9281694540319677
mri,LoG,12.612591708828806,0.8299470000191436
mri,Roberts,12.291143128723988,0.9224574581093608
mri,Frei-Chen,12.292801842493395,0.9280815644040924
mri,Sobel,13.216938455393933,0.9274742319589164
mri,Prewitt,13.214682025968985,0.9266363666896223
mri,Kirsch,13.16796588660296,0.9274323290977167
mri,LoG,13.57405821562612,0.8314109075766939
mri,Roberts,13.235035095919043,0.9210620793469106
mri,Frei-Chen,13.214922703648394,0.9270136536682686
mri,Sobel,13.074212552257439,0.9273832463627274
mri,Prewitt,13.071657448522478,0.9268854403556096
mri,Kirsch,13.02975297907639,0.9274831468498184
mri,LoG,13.406418722375609,0.827687872608457
mri,Roberts,13.069621240296176,0.920485896366843
mri,Frei-Chen,13.072032982030093,0.9272082418822014
mri,Sobel,13.098354724117387,0.926166517194868
mri,Prewitt,13.10044705779994,0.9253404459202825
mri,Kirsch,13.051500307658879,0.9259970652288332
mri,LoG,13.387181883908983,0.8290539542108971
mri,Roberts,13.121071930844117,0.9193480580742036
mri,Frei-Chen,13.098371999927727,0.925641624149234
mri,Sobel,13.029982258303004,0.9260335850109934
mri,Prewitt,13.031794837927965,0.9250420074262188
mri,Kirsch,12.989904818177385,0.9256118315567212
mri,LoG,13.303685770960325,0.8273900870208565
mri,Roberts,13.09512456191519,0.919199634645419
mri,Frei-Chen,13.028697132113734,0.925373469448901
mri,Sobel,12.789343561763022,0.9255998227116182
mri,Prewitt,12.792530004992159,0.9243551830168972
mri,Kirsch,12.738945350817438,0.9251028831846763
mri,LoG,13.057369665691368,0.8248154234994699
mri,Roberts,12.799407296724716,0.9192152052385794
mri,Frei-Chen,12.789933716933623,0.924780603655444
mri,Sobel,13.032705973263363,0.929193490269359
mri,Prewitt,13.030091006224575,0.9280451625084507
mri,Kirsch,12.98801198392497,0.9289239459366866
mri,LoG,13.290264621363994,0.8326569256040167
mri,Roberts,13.001756294859755,0.9207966346532269
mri,Frei-Chen,13.029998677364983,0.9285849254195407
mri,Sobel,13.042788943789096,0.928307925827741
mri,Prewitt,13.043708193085042,0.9274862968199015
mri,Kirsch,12.995814311495483,0.9284335936805761
mri,LoG,13.280624751801064,0.8289804773988775
mri,Roberts,13.073392440712402,0.9191913977153514
mri,Frei-Chen,13.043651622197475,0.9278991766826938
mri,Sobel,12.4437498120388,0.9305249032322543
mri,Prewitt,12.445930053334278,0.9296064465979699
mri,Kirsch,12.394459728312556,0.9300459417523825
mri,LoG,12.700497424863626,0.8312909594444724
mri,Roberts,12.49654796742937,0.9225826382219714
mri,Frei-Chen,12.443688549879736,0.9300867126156573
mri,Sobel,12.509648976407288,0.9317184679186052
mri,Prewitt,12.507630192519654,0.9304701101161758
mri,Kirsch,12.4601597498939,0.9303938899685321
mri,LoG,12.748973090237222,0.8334924140259968
mri,Roberts,12.558870060585587,0.9243269088153583
mri,Frei-Chen,12.507583409350765,0.9311322109670616
mri,Sobel,12.836630583108041,0.9303570679454857
mri,Prewitt,12.837299693504487,0.9294689937538911
mri,Kirsch,12.796359428603267,0.9303123479952711
mri,LoG,13.058399052195695,0.8303911791927417
mri,Roberts,12.912534184395586,0.9229917438613714
mri,Frei-Chen,12.83586163316829,0.9299069221033502
mri,Sobel,13.355699939685117,0.9295176928194419
mri,Prewitt,13.362432152498798,0.9284273033042906
mri,Kirsch,13.3256399375339,0.92977920297975
mri,LoG,13.51729094734704,0.8276017103344042
mri,Roberts,13.428086831037117,0.9229830032213029
mri,Frei-Chen,13.358719720174374,0.9290116690455672
mri,Sobel,13.17229255398259,0.9342694788160392
mri,Prewitt,13.181280440255367,0.9327189356867686
mri,Kirsch,13.120585171061608,0.9333661637554458
mri,LoG,13.254311121074158,0.8253242297953672
mri,Roberts,13.276313011083047,0.9253887510914294
mri,Frei-Chen,13.176026772224743,0.9335997146774588
mri,Sobel,13.410625438025894,0.9370033721826271
mri,Prewitt,13.408223417948868,0.9356543818120824
mri,Kirsch,13.379190965892763,0.9355914676281017
mri,LoG,13.514987851002493,0.8298390505333336
mri,Roberts,13.456023527150657,0.9291562775819513
mri,Frei-Chen,13.411148158895596,0.9363072723942408
mri,Sobel,13.711474827244842,0.9359185380254839
mri,Prewitt,13.708810128268228,0.9350030768211764
mri,Kirsch,13.637331258388727,0.9353031820070831
mri,LoG,13.833063026645618,0.8258437580734487
mri,Roberts,13.747818568526453,0.9299183459958066
mri,Frei-Chen,13.712719843253012,0.9354994120885481
mri,Sobel,13.737381014392993,0.9363106225777232
mri,Prewitt,13.736759108952672,0.9350278289563999
mri,Kirsch,13.718400766169204,0.935369397766504
mri,LoG,13.830239184032163,0.8221080371906788
mri,Roberts,13.740262762342692,0.9290943651151972
mri,Frei-Chen,13.738527546284447,0.935718831841667
mri,Sobel,13.136156298918769,0.8239274788785471
mri,Prewitt,13.126020622871831,0.8291577118256402
mri,Kirsch,13.127139096196725,0.8281765594664038
mri,LoG,13.138128577166555,0.7375179296003938
mri,Roberts,13.198112222822493,0.7917837047264156
mri,Frei-Chen,13.129431832625416,0.8275918116442172
mri,Sobel,12.851556970136004,0.839416260212066
mri,Prewitt,12.841464238797894,0.8466542444620018
mri,Kirsch,12.844035192049033,0.8401172250134832
mri,LoG,12.811801981825475,0.7401577372268523
mri,Roberts,12.767306939232586,0.7992082847017512
mri,Frei-Chen,12.84790770057448,0.8443405543309531
mri,Sobel,14.157722537411463,0.9380732491579032
mri,Prewitt,14.171570357853845,0.9371603739772026
mri,Kirsch,14.231609183518884,0.932174517632112
mri,LoG,14.206069453131322,0.8145894375116212
mri,Roberts,14.00488209347868,0.8959916290873591
mri,Frei-Chen,14.163056884608947,0.9376435256023746
mri,Sobel,12.50756050334571,0.815691457310519
mri,Prewitt,12.535319304025869,0.8175315868760933
mri,Kirsch,12.519538951410613,0.8167114522785144
mri,LoG,12.406205400026442,0.7003042540749403
mri,Roberts,12.490770393282046,0.7746213877834598
mri,Frei-Chen,12.522944041907639,0.8155748489194439
mri,Sobel,12.608162946738908,0.834777478207435
mri,Prewitt,12.661696836795757,0.8384358505941468
mri,Kirsch,12.635590151430288,0.8388006978057883
mri,LoG,12.701934136182036,0.7265255540883953
mri,Roberts,12.494078530546487,0.7986585182978316
mri,Frei-Chen,12.633982033606184,0.8367420671255272
mri,Sobel,12.3288372694323,0.8237534411713606
mri,Prewitt,12.342104453899413,0.8281576242489225
mri,Kirsch,12.318121899765098,0.8231207092976456
mri,LoG,12.272210072410441,0.7197064183987786
mri,Roberts,12.315660527890653,0.7814711131294931
mri,Frei-Chen,12.333936706441582,0.8246980516344874
mri,Sobel,12.614344231017164,0.8513905425767735
mri,Prewitt,12.623222792913676,0.8541240766314921
mri,Kirsch,12.542344546480473,0.8481007801449775
mri,LoG,12.653557338777677,0.7472254833634817
mri,Roberts,12.51407154338792,0.8063375804556662
mri,Frei-Chen,12.617137413286619,0.8529327122637581
mri,Sobel,12.806757649428837,0.7755919762996171
mri,Prewitt,12.794493778070795,0.7834546178192106
mri,Kirsch,12.763610181402633,0.77026931845767
mri,LoG,13.015865163979672,0.6695821222302559
mri,Roberts,12.776406913437597,0.7242368390629135
mri,Frei-Chen,12.798820037321597,0.7795018240811094
mri,Sobel,12.980703559105839,0.7453988219514551
mri,Prewitt,13.02024528290901,0.7442023678861486
mri,Kirsch,12.983867758160839,0.7367689440520886
mri,LoG,13.020203536135638,0.6446453337199143
mri,Roberts,12.98768484717947,0.714203653928182
mri,Frei-Chen,13.005863314863767,0.7458755981333903
mri,Sobel,13.031692030880848,0.7599577915520451
mri,Prewitt,13.038451444109898,0.7587724806836653
mri,Kirsch,13.032448768317085,0.7545225925973011
mri,LoG,13.115862235858554,0.6373378433527198
mri,Roberts,13.051870418848342,0.730175689249401
mri,Frei-Chen,13.045462636654241,0.7585173686984344
mri,Sobel,13.060122646649804,0.7218879799406771
mri,Prewitt,13.107369721903888,0.7304296710343948
mri,Kirsch,13.045912359901388,0.7174247206993905
mri,LoG,13.19895018005461,0.6326064397484702
mri,Roberts,13.03798199438653,0.6858501501580837
mri,Frei-Chen,13.088325643739795,0.7255413257754751
mri,Sobel,12.615850032721156,0.7560149293432818
mri,Prewitt,12.681145993284463,0.7611550178878854
mri,Kirsch,12.599623092424178,0.7576978836254102
mri,LoG,12.582925421677057,0.6590991140149274
mri,Roberts,12.63286730640445,0.7248065185191579
mri,Frei-Chen,12.65205214827359,0.7581716473626456
mri,Sobel,18.019867614500253,0.941877896646407
mri,Prewitt,18.02584375573606,0.940353516160879
mri,Kirsch,17.96857534853452,0.9400362532417329
mri,LoG,18.499209107355405,0.8259081337010576
mri,Roberts,18.00382113286252,0.9349699343597876
mri,Frei-Chen,18.01649290216901,0.9410709365046348
mri,Sobel,17.536188018094464,0.9547011104265167
mri,Prewitt,17.52200533295034,0.953817594565887
mri,Kirsch,17.495322251211544,0.9527783575574196
mri,LoG,17.763331929588468,0.857395994838228
mri,Roberts,17.444472837362476,0.9430362068637411
mri,Frei-Chen,17.527797263013106,0.9541543443722024
mri,Sobel,16.551929260070636,0.9532884830235343
mri,Prewitt,16.559940252555165,0.951935573718232
mri,Kirsch,16.49625031729126,0.9513054208524082
mri,LoG,17.147412498226984,0.8596764781372477
mri,Roberts,16.61538798224743,0.9433956842995932
mri,Frei-Chen,16.554575250512112,0.9526838703506781
mri,Sobel,16.2696730774234,0.9539671050732988
mri,Prewitt,16.28119926276683,0.9530603507352601
mri,Kirsch,16.219867370975145,0.9519632276607561
mri,LoG,16.2965369705455,0.8631162285288099
mri,Roberts,16.24642997700567,0.9178202499509376
mri,Frei-Chen,16.27760534370089,0.9535229572237396
mri,Sobel,17.591916744962294,0.9518754997015977
mri,Prewitt,17.621230051664682,0.9510151831774112
mri,Kirsch,17.582622924933247,0.9501699840367641
mri,LoG,17.726613769330722,0.8582194638899842
mri,Roberts,17.546747989287592,0.9426176717073802
mri,Frei-Chen,17.60748481696602,0.9514509160034824
mri,Sobel,17.576335859557016,0.9519778922849498
mri,Prewitt,17.61077802244926,0.951056719730623
mri,Kirsch,17.514094869523912,0.9501351160651414
mri,LoG,18.216127666659517,0.8589594348347507
mri,Roberts,17.449908645810634,0.9426837143073916
mri,Frei-Chen,17.593271060728487,0.9513767113305336
mri,Sobel,18.020495501735635,0.9488623898519065
mri,Prewitt,18.035653819339107,0.9478802308322144
mri,Kirsch,17.90597451511563,0.9475229154030892
mri,LoG,18.797890559276745,0.8485575952832761
mri,Roberts,18.081419245945273,0.9392799320193712
mri,Frei-Chen,18.02747132719681,0.9483915208411258
mri,Sobel,17.790964494496755,0.9472845521678337
mri,Prewitt,17.803857605115155,0.945990839024
mri,Kirsch,17.700393002659872,0.9457907398240614
mri,LoG,18.68733731039066,0.8447397373929049
mri,Roberts,17.76362984551843,0.9404286203510991
mri,Frei-Chen,17.79359501067717,0.9466170221088128
mri,Sobel,17.588708667669085,0.9449307515504111
mri,Prewitt,17.59815086147434,0.9435040008148683
mri,Kirsch,17.486380575721686,0.9435143197668232
mri,LoG,18.413830634993314,0.8378914877083111
mri,Roberts,17.543272779186236,0.9379871675172969
mri,Frei-Chen,17.58953764869378,0.9442321992462946
mri,Sobel,17.40195474356809,0.9417379372479201
mri,Prewitt,17.399465786229545,0.9402780662737973
mri,Kirsch,17.277457928820937,0.9404245302551757
mri,LoG,18.117941774180075,0.8410032505272672
mri,Roberts,17.271569028243164,0.9377010465629756
mri,Frei-Chen,17.400235635405316,0.9408963211789392
mri,Sobel,17.38544218344308,0.9452189794081073
mri,Prewitt,17.411700544770202,0.9439206451478831
mri,Kirsch,17.31146314649103,0.9434459412689601
mri,LoG,17.938077682223998,0.8494509420294234
mri,Roberts,17.304298272400686,0.9391987807578229
mri,Frei-Chen,17.406108297971393,0.9445455778495148
mri,Sobel,18.200136129994693,0.946695689402511
mri,Prewitt,18.195357905233298,0.9454775932594409
mri,Kirsch,18.130706570871816,0.9447420291226007
mri,LoG,18.628373764816306,0.8335829038956849
mri,Roberts,18.26670730897218,0.9404493562292853
mri,Frei-Chen,18.197754316115077,0.9462193859533775
CT,Sobel,9.427528527964071,0.9460305796641749
CT,Prewitt,9.431597665605596,0.9447836210088468
CT,Kirsch,9.403541751759976,0.9439052804766366
CT,LoG,9.339945333943705,0.8230790152271169
CT,Roberts,9.210248148006253,0.9399838324098977
CT,Frei-Chen,9.428635383367332,0.9456232268336312
CT,Sobel,10.551927931581515,0.9465207829940209
CT,Prewitt,10.554488783924791,0.9452441427541058
CT,Kirsch,10.615205463885273,0.9445406625043161
CT,LoG,10.524115733268747,0.822846409033187
CT,Roberts,10.486390356486055,0.9396017851689453
CT,Frei-Chen,10.55234652525048,0.9460607275801681
CT,Sobel,10.565856311886899,0.9451670546429426
CT,Prewitt,10.557906481980016,0.9434818912172076
CT,Kirsch,10.502940056303906,0.942879423477049
CT,LoG,10.373431014327572,0.8229718107847697
CT,Roberts,10.297865535077904,0.939147565425499
CT,Frei-Chen,10.560636653384172,0.9445703817919855
CT,Sobel,10.258363302433029,0.9450892478160647
CT,Prewitt,10.280501492847954,0.9436211997875785
CT,Kirsch,10.276218687685848,0.9429789270544015
CT,LoG,10.26502167226935,0.8197012704002726
CT,Roberts,10.121607649395417,0.9381268845841655
CT,Frei-Chen,10.270559656083709,0.9446240432181149
CT,Sobel,10.258211032792296,0.9447295620400641
CT,Prewitt,10.248171988100747,0.9433381799804507
CT,Kirsch,10.2544126759046,0.9430760554135458
CT,LoG,10.175775377350034,0.8226133672274669
CT,Roberts,10.051405537262072,0.9387625964708267
CT,Frei-Chen,10.252081575866512,0.9443322333793733
CT,Sobel,10.079635788213437,0.9447059640992277
CT,Prewitt,10.070695626847456,0.9435064291219596
CT,Kirsch,10.019860774334582,0.9432777939592694
CT,LoG,10.005755767691573,0.8252340296254095
CT,Roberts,9.804154744569946,0.9382130832906311
CT,Frei-Chen,10.074778227624059,0.9443171987839953
CT,Sobel,10.02796209917873,0.9452651973672686
CT,Prewitt,10.033581238051056,0.9438262194315153
CT,Kirsch,9.97930432347694,0.943010628980788
CT,LoG,10.008015657620158,0.8274517028408066
CT,Roberts,9.787338779053966,0.9387402092264526
CT,Frei-Chen,10.029799287909984,0.9448149321794318
CT,Sobel,9.771366859436535,0.9444282508855528
CT,Prewitt,9.756403442070292,0.9428760548215318
CT,Kirsch,9.730033947938193,0.9425992080848767
CT,LoG,9.638614177623527,0.8232803135412415
CT,Roberts,9.55326613083612,0.9390582460129726
CT,Frei-Chen,9.762721019381019,0.9438784697247914
CT,Sobel,8.989570962650337,0.8884971219124976
CT,Prewitt,9.003206764812662,0.8874264231238225
CT,Kirsch,8.909353618319209,0.8864979878504351
CT,LoG,9.079966526842751,0.7373163727234979
CT,Roberts,8.646863886508783,0.8894672646639755
CT,Frei-Chen,8.997406752865619,0.8878841876209177
CT,Sobel,8.868357835486902,0.8914186972958023
CT,Prewitt,8.892151733312545,0.8901639712617477
CT,Kirsch,8.77987040038988,0.8889841715188889
CT,LoG,8.942095921724402,0.7336405022417526
CT,Roberts,8.533690482189002,0.8910720991553864
CT,Frei-Chen,8.885109536579423,0.8906872856219206
CT,Sobel,8.731694376313568,0.8905915303251379
CT,Prewitt,8.76241604575376,0.8894559036524227
CT,Kirsch,8.643515283414526,0.8885310989189271
CT,LoG,8.803152485635419,0.7382054111115133
CT,Roberts,8.398356410823514,0.8921616781331735
CT,Frei-Chen,8.749222283223856,0.890073575824188
CT,Sobel,8.698111398586292,0.8995304382711289
CT,Prewitt,8.728374502666584,0.8982280317102904
CT,Kirsch,8.628501550944998,0.8971247445706231
CT,LoG,8.641962458114282,0.7449676488794011
CT,Roberts,8.367467170047082,0.9017194424078907
CT,Frei-Chen,8.715133168086398,0.8988317394228643
CT,Sobel,8.359418928743285,0.894282579906117
CT,Prewitt,8.394435373985662,0.8927126486609279
CT,Kirsch,8.37376691841807,0.892416862339773
CT,LoG,8.529412701714838,0.7437579048315109
CT,Roberts,8.061351610735395,0.8969837004223529
CT,Frei-Chen,8.378963218776942,0.8934174321815247
CT,Sobel,8.132830371851234,0.8961953944859345
CT,Prewitt,8.175215733434317,0.8948497245074569
CT,Kirsch,8.165213696250593,0.894158477534478
CT,LoG,8.315117985292964,0.7421048712984458
CT,Roberts,7.791645972815683,0.8985893259502172
CT,Frei-Chen,8.156128036591356,0.8954280115152359
CT,Sobel,7.942910268599598,0.9071617201236366
CT,Prewitt,7.986276760534955,0.9063224925541441
CT,Kirsch,7.980558539662807,0.9052536832107275
CT,LoG,8.221455540288463,0.7483801995142729
CT,Roberts,7.594650488232125,0.90637391411196
CT,Frei-Chen,7.966742331096077,0.9067383733479322
CT,Sobel,7.878370489928597,0.9102679963956957
CT,Prewitt,7.9221670375063455,0.9090895919465569
CT,Kirsch,7.911431602212842,0.9078892733884197
CT,LoG,8.13643555023851,0.7565695920586953
CT,Roberts,7.529210198098049,0.9091256391378614
CT,Frei-Chen,7.902413624143598,0.909662159476948
CT,Sobel,7.900625133494667,0.9040197316007246
CT,Prewitt,7.944197935348755,0.9028721693610814
CT,Kirsch,7.929289028118044,0.901938509065334
CT,LoG,8.100859758832838,0.7491142089980308
CT,Roberts,7.553471904393123,0.9041589587008476
CT,Frei-Chen,7.924897867554468,0.9033974281919571
CT,Sobel,7.9825031367834045,0.9020943568268437
CT,Prewitt,8.022902735084914,0.9008147374468276
CT,Kirsch,7.969839392596683,0.8991582064565119
CT,LoG,8.283703330623403,0.7490384216281867
CT,Roberts,7.640073761514974,0.9015442216938321
CT,Frei-Chen,8.00477312593797,0.9014339129118761
CT,Sobel,8.117988978661803,0.901310591727397
CT,Prewitt,8.15827330822314,0.9002791183494218
CT,Kirsch,8.067336445208776,0.8983896303307337
CT,LoG,8.336085453917491,0.7549340692447013
CT,Roberts,7.790677725391663,0.9008659629772764
CT,Frei-Chen,8.140155084653639,0.9006474916076199
CT,Sobel,9.074628144363341,0.8956277687317612
CT,Prewitt,9.113974402147294,0.8946493410586921
CT,Kirsch,8.979810839674268,0.8929720794907405
CT,LoG,9.425904387668636,0.7497993919320125
CT,Roberts,8.739560819853008,0.8950154438009208
CT,Frei-Chen,9.096487811051444,0.8950097134311761
CT,Sobel,8.868069916450942,0.8952966472656213
CT,Prewitt,8.907275382303427,0.8941508763535134
CT,Kirsch,8.793468779189965,0.8930059276612201
CT,LoG,9.152602204174784,0.7481095451977421
CT,Roberts,8.53689451515626,0.8946420337615525
CT,Frei-Chen,8.889747302874444,0.8946775664330184
CT,Sobel,8.666195789183377,0.8969543009451194
CT,Prewitt,8.706340996267961,0.8958569931691515
CT,Kirsch,8.598729362747049,0.8944103711843542
CT,LoG,8.982974199290934,0.740991561713879
CT,Roberts,8.330689366969086,0.8950251220276099
CT,Frei-Chen,8.688344073999724,0.8963587147529268
CT,Sobel,8.519773757040284,0.8891057848084933
CT,Prewitt,8.560495374641329,0.8876658107230451
CT,Kirsch,8.415344841656282,0.8870032925003056
CT,LoG,8.725863964724436,0.7261119226370769
CT,Roberts,8.1848851264667,0.8895928026589904
CT,Frei-Chen,8.542171588385228,0.8882828667006851
CT,Sobel,8.14952836695025,0.8890888813987069
CT,Prewitt,8.188332232772302,0.8877880404359455
CT,Kirsch,8.046338688758222,0.8869211711585161
CT,LoG,8.404791277813562,0.7325381999188417
CT,Roberts,7.830052386110396,0.8912224362421438
CT,Frei-Chen,8.17085751573038,0.8884690058124557
CT,Sobel,7.960602403739932,0.8846498916726242
CT,Prewitt,7.998094018607519,0.8829666077449554
CT,Kirsch,7.8601348767085355,0.8827945361220515
CT,LoG,8.101688891640183,0.7318822946453036
CT,Roberts,7.650126582665909,0.8896231579784426
CT,Frei-Chen,7.98118694570581,0.8837551692543888
CT,Sobel,7.526489778243116,0.8848199378388504
CT,Prewitt,7.560325230268959,0.8832762873088692
CT,Kirsch,7.4421920105922235,0.882475705412522
CT,LoG,7.679055486766781,0.7272857824255479
CT,Roberts,7.248719145517156,0.8875088683207274
CT,Frei-Chen,7.545309649523366,0.8839280614753898
CT,Sobel,8.833048223902836,0.9403722993083605
CT,Prewitt,8.849477964859872,0.9387784367876825
CT,Kirsch,8.754039540250883,0.9378956931258078
CT,LoG,8.922034360112896,0.8164162895269148
CT,Roberts,8.620114220378232,0.9339369430926225
CT,Frei-Chen,8.842130724826932,0.9392938731414587
CT,Sobel,8.808553777723759,0.9408442520659419
CT,Prewitt,8.824148707094599,0.9393272501988589
CT,Kirsch,8.728086418118524,0.9381437507546098
CT,LoG,8.903900540451186,0.815924321476052
CT,Roberts,8.591226248676795,0.9334428129263888
CT,Frei-Chen,8.817489889789595,0.9398452123172777
CT,Sobel,8.804328690411115,0.9407853063715839
CT,Prewitt,8.820545575825427,0.939228708665424
CT,Kirsch,8.715166844937833,0.9387387426558479
CT,LoG,8.919915209631133,0.8154654460999635
CT,Roberts,8.585337624011567,0.9342248168869949
CT,Frei-Chen,8.813364351189298,0.9397265678753275
CT,Sobel,9.012052406218508,0.9409094632639846
CT,Prewitt,9.030320465762756,0.9394534239342223
CT,Kirsch,8.918371432602255,0.9383644739365098
CT,LoG,9.138391901027155,0.8145444033476578
CT,Roberts,8.785825659048719,0.9348123764705776
CT,Frei-Chen,9.022714222191054,0.9398668084463676
CT,Sobel,8.882892661991265,0.9410936171188421
CT,Prewitt,8.89868557378687,0.9394916838619677
CT,Kirsch,8.805905925370404,0.9381758960339325
CT,LoG,9.004704932489693,0.8144072456859928
CT,Roberts,8.666547653100467,0.9346647777774212
CT,Frei-Chen,8.891688718575338,0.9400370680941608
CT,Sobel,8.903778724088555,0.9412569133623659
CT,Prewitt,8.92087016177203,0.9397745440857302
CT,Kirsch,8.82648171822051,0.938897860519569
CT,LoG,9.032034365866918,0.8142679829954765
CT,Roberts,8.683130557435394,0.9340900320058882
CT,Frei-Chen,8.913284626556061,0.940449450604594
CT,Sobel,9.016747189250925,0.9401391519428114
CT,Prewitt,9.031328647072982,0.9387014534247949
CT,Kirsch,8.950055190863083,0.9371866758065855
CT,LoG,9.126501217498053,0.8153013666283879
CT,Roberts,8.790488953125454,0.9329366339026025
CT,Frei-Chen,9.024770494734872,0.9393172117889719
CT,Sobel,9.02352931258848,0.9410321403317207
CT,Prewitt,9.04084993396734,0.9396186643235815
CT,Kirsch,8.942360172723543,0.9387162894622533
CT,LoG,9.135341860347456,0.814793521392289
CT,Roberts,8.808446596260138,0.9345952292935007
CT,Frei-Chen,9.03303995812612,0.9401388141639762
CT,Sobel,9.006862257954145,0.9406786497235723
CT,Prewitt,9.022685142513627,0.9393429311663325
CT,Kirsch,8.918980059910568,0.938421706044054
CT,LoG,9.134214944515518,0.8146713874482034
CT,Roberts,8.772786107085487,0.9333160351369654
CT,Frei-Chen,9.015956157174681,0.9398710580276012
CT,Sobel,9.184990897934357,0.9394178283886745
CT,Prewitt,9.201932028004633,0.9379290628495427
CT,Kirsch,9.09400833610528,0.9369531726628667
CT,LoG,9.315355596984045,0.8137583217324268
CT,Roberts,8.94832596070322,0.9320932416260026
CT,Frei-Chen,9.19603905649601,0.9385997222984637
CT,Sobel,9.030713254959368,0.9383796206726567
CT,Prewitt,9.046051079347924,0.9372568886499355
CT,Kirsch,8.933750688676161,0.9364083333602976
CT,LoG,9.165016286483928,0.8137993981788655
CT,Roberts,8.778973809288734,0.931358684765691
CT,Frei-Chen,9.039550646604303,0.9377900008121385
CT,Sobel,9.092535460319773,0.9377561080892399
CT,Prewitt,9.109503872326151,0.9365694643111498
CT,Kirsch,9.015196949218584,0.9356782116735811
CT,LoG,9.263681751740007,0.811102014015192
CT,Roberts,8.851756951717517,0.9290625727673855
CT,Frei-Chen,9.10203352064195,0.937129790437608
CT,Sobel,9.328904730486975,0.9374419106913836
CT,Prewitt,9.3464013775927,0.9358907224101877
CT,Kirsch,9.248025754721134,0.9347290249668713
CT,LoG,9.500093013749526,0.8087435036123874
CT,Roberts,9.085254302396914,0.9304565116755895
CT,Frei-Chen,9.339708275841534,0.9365605314694877
CT,Sobel,9.132686860966441,0.9346619830339863
CT,Prewitt,9.149867172702615,0.9335613770859144
CT,Kirsch,9.05757538190043,0.932165675412488
CT,LoG,9.310998850902912,0.8034312919132416
CT,Roberts,8.879546341696889,0.9250810387260158
CT,Frei-Chen,9.142485372767117,0.933869657052421
CT,Sobel,9.13697133742467,0.9347181416549487
CT,Prewitt,9.159655627791038,0.9336659721280691
CT,Kirsch,9.054118259275214,0.9318921055047912
CT,LoG,9.310481588844961,0.8034775488577478
CT,Roberts,8.88984795932026,0.9249306252856492
CT,Frei-Chen,9.149495996620747,0.9340210038706351
CT,Sobel,9.047494291617594,0.9339977329957276
CT,Prewitt,9.067031750842595,0.9328189685504779
CT,Kirsch,8.952876207780733,0.9308128836429963
CT,LoG,9.235394044879484,0.8027248510034992
CT,Roberts,8.784228989113302,0.922955189210603
CT,Frei-Chen,9.058635628296566,0.9330509558330851
CT,Sobel,9.0462845086523,0.9332002948291912
CT,Prewitt,9.06356430783465,0.9322800989889357
CT,Kirsch,8.9434840530674,0.9301885302926363
CT,LoG,9.25521558872904,0.7986446131878773
CT,Roberts,8.780721860230523,0.9219962281369442
CT,Frei-Chen,9.055749388955437,0.9323687530860248
CT,Sobel,8.992737420584442,0.9326685556850571
CT,Prewitt,9.01413880965821,0.9314612052498281
CT,Kirsch,8.904341979952632,0.9293082365416373
CT,LoG,9.182766800147512,0.7985212647598322
CT,Roberts,8.737428897648002,0.9222657258053324
CT,Frei-Chen,9.004614333051272,0.9318048408306762
CT,Sobel,8.890311493985912,0.9278234589175918
CT,Prewitt,8.914189571244348,0.9269294945353008
CT,Kirsch,8.8109224616752,0.9250505229269588
CT,LoG,9.098863509730158,0.7933706622472607
CT,Roberts,8.644516463128571,0.9170975733550732
CT,Frei-Chen,8.903462195731972,0.9272570957642897
CT,Sobel,8.997557262259411,0.9241475483452473
CT,Prewitt,9.01832643533951,0.9238193867303142
CT,Kirsch,8.917564556592936,0.9216363584459906
CT,LoG,9.211393862079628,0.7882245145079068
CT,Roberts,8.729034637718314,0.9127227575592687
CT,Frei-Chen,9.009254402468546,0.9238340371344329
CT,Sobel,8.915291341702451,0.9221820978415208
CT,Prewitt,8.939680903923652,0.9217215265518823
CT,Kirsch,8.830493394451983,0.9193965535157432
CT,LoG,9.103266453771647,0.786563683303768
CT,Roberts,8.663728770420137,0.9104519602818574
CT,Frei-Chen,8.928743179786082,0.9217627108580586
CT,Sobel,8.96981104438712,0.9194967909999163
CT,Prewitt,8.992705969478518,0.9191947486692968
CT,Kirsch,8.884471217009132,0.9169498987678669
CT,LoG,9.186505662540611,0.78217430153005
CT,Roberts,8.709664034807256,0.9057370508293778
CT,Frei-Chen,8.98299973646988,0.9194165150127975
CT,Sobel,8.946838423036157,0.9165193259058013
CT,Prewitt,8.97178617538817,0.915981719145279
CT,Kirsch,8.857743416216003,0.9130352125808486
CT,LoG,9.114998234563346,0.7796605360144467
CT,Roberts,8.687932670435654,0.9033864014907799
CT,Frei-Chen,8.96114323309006,0.9163507412448626
CT,Sobel,8.904040081889791,0.9116947690500067
CT,Prewitt,8.931970027440826,0.9115746780730645
CT,Kirsch,8.80911364966508,0.9091570706718978
CT,LoG,9.068305997044652,0.7735440144964478
CT,Roberts,8.643637851827323,0.8983271969031755
CT,Frei-Chen,8.919663076860347,0.9116316506538958
Ultrasound,Sobel,18.867225897731387,0.8422919977540393
Ultrasound,Prewitt,18.91141136204127,0.8439049871126493
Ultrasound,Kirsch,18.596501706837305,0.848187772780897
Ultrasound,LoG,18.85430193053311,0.7870841627060725
Ultrasound,Roberts,18.283127425102922,0.8290413679880785
Ultrasound,Frei-Chen,18.92471569365969,0.8429087489161927
Ultrasound,Sobel,12.728362035979623,0.7762601796862657
Ultrasound,Prewitt,12.780030520397228,0.7764026681045475
Ultrasound,Kirsch,12.500402101274569,0.783106319275049
Ultrasound,LoG,12.574204791328267,0.5664767243192229
Ultrasound,Roberts,12.200342909447617,0.8250070682742535
Ultrasound,Frei-Chen,12.78140109948438,0.7762322660132
Ultrasound,Sobel,12.003887095607727,0.7938911935324658
Ultrasound,Prewitt,12.051688523543493,0.794630131935447
Ultrasound,Kirsch,11.851122740873246,0.7991523971911335
Ultrasound,LoG,12.004967785285173,0.6223411432046037
Ultrasound,Roberts,11.604715389752421,0.8635373332030416
Ultrasound,Frei-Chen,12.030075041840373,0.794439223069892
Ultrasound,Sobel,16.992462418858636,0.8549146409883549
Ultrasound,Prewitt,17.049804481255734,0.85494176691693
Ultrasound,Kirsch,16.699569335809592,0.8567418655909358
Ultrasound,LoG,16.939701487225268,0.7647973912174767
Ultrasound,Roberts,16.34583396409362,0.8422213587021319
Ultrasound,Frei-Chen,17.057299874323885,0.8549110424849631
Ultrasound,Sobel,13.828029308506483,0.7406907544690242
Ultrasound,Prewitt,13.878047740864563,0.7406211760317808
Ultrasound,Kirsch,13.5904327578005,0.7484337795066175
Ultrasound,LoG,13.692318733089694,0.5573038871133479
Ultrasound,Roberts,13.293216576250371,0.813828152927855
Ultrasound,Frei-Chen,13.879607151207079,0.7405757833953138
Ultrasound,Sobel,16.158059566673842,0.6225920471738012
Ultrasound,Prewitt,16.206707906223883,0.6245157971358729
Ultrasound,Kirsch,15.92042383350293,0.6338585779554926
Ultrasound,LoG,16.052869169890663,0.511883119705185
Ultrasound,Roberts,15.621382240962493,0.6279625079307275
Ultrasound,Frei-Chen,16.210387241097486,0.623921223135702
Ultrasound,Sobel,15.299106526117905,0.9175876388757458
Ultrasound,Prewitt,15.37886465438229,0.917206956956328
Ultrasound,Kirsch,14.967109975033486,0.9168011607494548
Ultrasound,LoG,15.306121782321798,0.8176132313521455
Ultrasound,Roberts,14.542270779384905,0.9091069934783168
Ultrasound,Frei-Chen,15.342927840006768,0.9173497444709752
Ultrasound,Sobel,8.932834348662691,0.7960973265836869
Ultrasound,Prewitt,8.963429368927025,0.7969969425017469
Ultrasound,Kirsch,8.769900256123583,0.8038828358837458
Ultrasound,LoG,8.79259751244861,0.5397960956107665
Ultrasound,Roberts,8.542120915338831,0.865642466957535
Ultrasound,Frei-Chen,8.961805187018902,0.7963472363186201
Ultrasound,Sobel,12.541120481197677,0.8255349695394147
Ultrasound,Prewitt,12.597791073189178,0.8254663208846988
Ultrasound,Kirsch,12.290981705502338,0.8307109799022565
Ultrasound,LoG,12.39960272499711,0.6244158875237272
Ultrasound,Roberts,11.959253600826914,0.8636750805338684
Ultrasound,Frei-Chen,12.600211011917581,0.8257012638121802
Ultrasound,Sobel,13.878731124938383,0.8485297299104879
Ultrasound,Prewitt,13.942042982121263,0.8484080245045114
Ultrasound,Kirsch,13.588016371728393,0.8505985086170614
Ultrasound,LoG,13.81644610314227,0.6812328669710654
Ultrasound,Roberts,13.217746701454152,0.8616108339699069
Ultrasound,Frei-Chen,13.944801492553541,0.8483908288095557
Ultrasound,Sobel,22.167415785110673,0.7724610573641512
Ultrasound,Prewitt,22.237895775982906,0.7740037163935909
Ultrasound,Kirsch,21.74966002911031,0.7789052324715626
Ultrasound,LoG,22.395646947879854,0.7052809727593399
Ultrasound,Roberts,21.27776994841056,0.7696410268008402
Ultrasound,Frei-Chen,22.246293810790206,0.7732771866938397
Ultrasound,Sobel,13.7718827958825,0.7475029762975662
Ultrasound,Prewitt,13.834652783148977,0.7488282701242236
Ultrasound,Kirsch,13.4994036436096,0.7542612396325242
Ultrasound,LoG,13.6849233379831,0.551485625202836
Ultrasound,Roberts,13.147787033100776,0.7948301612968539
Ultrasound,Frei-Chen,13.836755291032773,0.7481056796576764
Ultrasound,Sobel,10.812713538838866,0.574998458464767
Ultrasound,Prewitt,10.84690252889827,0.5757178936272737
Ultrasound,Kirsch,10.658996764282156,0.6006211440969703
Ultrasound,LoG,10.61247322712114,0.46101079556004565
Ultrasound,Roberts,10.449764147104382,0.7676771301120224
Ultrasound,Frei-Chen,10.847380975383047,0.5750230795252476
Ultrasound,Sobel,11.649229049488019,0.7047405751723788
Ultrasound,Prewitt,11.68874192915788,0.7051858343225165
Ultrasound,Kirsch,11.461632429960646,0.7172076024831154
Ultrasound,LoG,11.509336175932784,0.49265703437575226
Ultrasound,Roberts,11.210616206969037,0.8328100127366719
Ultrasound,Frei-Chen,11.689355095669473,0.7047372051097732
Ultrasound,Sobel,14.443055313908486,0.6107668030541152
Ultrasound,Prewitt,14.497559310090525,0.6104468716140636
Ultrasound,Kirsch,14.220817111085669,0.6282873279815442
Ultrasound,LoG,14.235965967749948,0.49348509716935773
Ultrasound,Roberts,13.936054307350181,0.6982282476426931
Ultrasound,Frei-Chen,14.498943797295901,0.6113408100017473
Ultrasound,Sobel,14.169800098787174,0.6647117969007643
Ultrasound,Prewitt,14.218261487303822,0.664417753144079
Ultrasound,Kirsch,13.954493743384713,0.6777988573180866
Ultrasound,LoG,14.010267615483091,0.5011570511962179
Ultrasound,Roberts,13.669165265650992,0.7674915279516575
Ultrasound,Frei-Chen,14.219783943999214,0.6646736894426721
Ultrasound,Sobel,13.548488439482433,0.7165380932231367
Ultrasound,Prewitt,13.592168962505466,0.7173340150121466
Ultrasound,Kirsch,13.351383479406163,0.7270102582439921
Ultrasound,LoG,13.466589914039771,0.5329303993819033
Ultrasound,Roberts,13.124024995641317,0.7627328231006348
Ultrasound,Frei-Chen,13.593701378421798,0.7166115517136524
Ultrasound,Sobel,14.107685092419143,0.8151245364115794
Ultrasound,Prewitt,14.15910147304432,0.815789817505125
Ultrasound,Kirsch,13.870523929411988,0.8191075682341359
Ultrasound,LoG,14.003640920658993,0.681450051845982
Ultrasound,Roberts,13.58275287266445,0.8106262382022026
Ultrasound,Frei-Chen,14.161788691817565,0.8152695306813625
Ultrasound,Sobel,10.639802313001447,0.8550388485261544
Ultrasound,Prewitt,10.690166276312441,0.8501265734771005
Ultrasound,Kirsch,10.410107376598642,0.8414570641698895
Ultrasound,LoG,10.592606781178658,0.7531157493619314
Ultrasound,Roberts,10.101693118564416,0.5733153208946868
Ultrasound,Frei-Chen,10.694583077788046,0.8523966095209744
Ultrasound,Sobel,17.439678585837036,0.7946107198779673
Ultrasound,Prewitt,17.51052759690559,0.7959711625330839
Ultrasound,Kirsch,17.102863902037257,0.8012051485843543
Ultrasound,LoG,17.354676167874185,0.6955523763924929
Ultrasound,Roberts,16.66682909508207,0.8343318860013695
Ultrasound,Frei-Chen,17.516268363773843,0.7952700949925315
Ultrasound,Sobel,14.107413044346082,0.7008863727825418
Ultrasound,Prewitt,14.16013171809877,0.7026498128340296
Ultrasound,Kirsch,13.870644324743367,0.7122191439021316
Ultrasound,LoG,13.960258540144217,0.5243783616886785
Ultrasound,Roberts,13.557250255820508,0.8139800997575568
Ultrasound,Frei-Chen,14.162126530113541,0.7021271760098367
Ultrasound,Sobel,17.12448180916917,0.26309580859320447
Ultrasound,Prewitt,17.164824175111168,0.26350380866030804
Ultrasound,Kirsch,16.925173761226166,0.2898775740691761
Ultrasound,LoG,16.944247360369022,0.23182821604579745
Ultrasound,Roberts,16.67335954372093,0.36286367509792156
Ultrasound,Frei-Chen,17.166157868752382,0.26295413229767073
Ultrasound,Sobel,12.127899679049058,0.7547649420071001
Ultrasound,Prewitt,12.176017124904515,0.7543204584526035
Ultrasound,Kirsch,11.909077059486439,0.767280485542776
Ultrasound,LoG,11.929901119927004,0.5580474095928204
Ultrasound,Roberts,11.628683615667674,0.8219284927305477
Ultrasound,Frei-Chen,12.177328604045492,0.7551223603439079
Ultrasound,Sobel,14.8076920285815,0.5737952711561882
Ultrasound,Prewitt,14.846571767005162,0.5727015165369135
Ultrasound,Kirsch,14.624827298192438,0.5885715651268244
Ultrasound,LoG,14.647809490427033,0.5271158885368916
Ultrasound,Roberts,14.402491647693683,0.6419245712283419
Ultrasound,Frei-Chen,14.846978351354574,0.5725279566297544
Ultrasound,Sobel,13.990216214368576,0.7064225629173345
Ultrasound,Prewitt,14.043155047917004,0.7074611989581329
Ultrasound,Kirsch,13.756070217292875,0.7172909361931766
Ultrasound,LoG,13.817342679354262,0.5539248351064932
Ultrasound,Roberts,13.4413367950928,0.7732827534751319
Ultrasound,Frei-Chen,14.044580105425084,0.7072754410013626
Ultrasound,Sobel,12.694975339203898,0.7494289229707537
Ultrasound,Prewitt,12.747986804105318,0.7500198007077541
Ultrasound,Kirsch,12.464666087983856,0.7559991680371914
Ultrasound,LoG,12.53266756676102,0.5378530457885854
Ultrasound,Roberts,12.154457267897902,0.8091657384476925
Ultrasound,Frei-Chen,12.749254646851911,0.7499387081795327
Ultrasound,Sobel,12.069543200149052,0.629952764404853
Ultrasound,Prewitt,12.112226630170484,0.6300851765245601
Ultrasound,Kirsch,11.878620922278746,0.6489712821675688
Ultrasound,LoG,12.00205642947407,0.4609375571824026
Ultrasound,Roberts,11.614146616538328,0.795164998610591
Ultrasound,Frei-Chen,12.114176852005578,0.6304215639270762
Ultrasound,Sobel,15.429462282050858,0.9215392379744564
Ultrasound,Prewitt,15.459184805115258,0.9221071485989754
Ultrasound,Kirsch,15.18543460076822,0.9222726016610023
Ultrasound,LoG,15.261364880617323,0.8479878707324269
Ultrasound,Roberts,14.92974209752571,0.8934197343071272
Ultrasound,Frei-Chen,15.48152461093659,0.9219701174031962
Ultrasound,Sobel,14.290855634580726,0.6895712644490318
Ultrasound,Prewitt,14.338753945077523,0.6899035878547278
Ultrasound,Kirsch,14.063876384038652,0.703527609221224
Ultrasound,LoG,14.168903022903764,0.5394612030961464
Ultrasound,Roberts,13.77066902830623,0.7760712728555398
Ultrasound,Frei-Chen,14.340252601805094,0.6897959293055227
Ultrasound,Sobel,18.560316195885562,0.8310931196034046
Ultrasound,Prewitt,18.630799524513574,0.8324872288781547
Ultrasound,Kirsch,18.19894448082377,0.8367356649660285
Ultrasound,LoG,18.625034169016665,0.7349504891706519
Ultrasound,Roberts,17.751273726540862,0.8220467749145252
Ultrasound,Frei-Chen,18.638964871821216,0.8317730686333187
Ultrasound,Sobel,12.00747077652096,0.5822049326199162
Ultrasound,Prewitt,12.04663314584183,0.5817494627625951
Ultrasound,Kirsch,11.826664018029515,0.6128904477262521
Ultrasound,LoG,11.805779838110206,0.4480923178580214
Ultrasound,Roberts,11.568511894334605,0.798694693421977
Ultrasound,Frei-Chen,12.047161414657616,0.5815721071376556
Ultrasound,Sobel,10.920273467686659,0.8058105423375439
Ultrasound,Prewitt,10.96679903062606,0.8055242144963412
Ultrasound,Kirsch,10.709466717631136,0.8118686106165346
Ultrasound,LoG,10.777788816059346,0.583424994558381
Ultrasound,Roberts,10.442474794840397,0.8436961266719762
Ultrasound,Frei-Chen,10.96805473541514,0.8054712077561794
Ultrasound,Sobel,12.536016572188123,0.8124365879298135
Ultrasound,Prewitt,12.586801660399779,0.8123355174051994
Ultrasound,Kirsch,12.31113154491184,0.8198650812516817
Ultrasound,LoG,12.477129509746847,0.6387593560238928
Ultrasound,Roberts,12.017220276613331,0.8180465727307765
Ultrasound,Frei-Chen,12.589017104333614,0.8119773275659199
Ultrasound,Sobel,19.63094842798474,0.7671937562746306
Ultrasound,Prewitt,19.701776081436467,0.7681827302363317
Ultrasound,Kirsch,19.279786056727303,0.7711296778828911
Ultrasound,LoG,19.661686655413707,0.6664655203802597
Ultrasound,Roberts,18.84635601835358,0.7655598458237589
Ultrasound,Frei-Chen,19.70795515671766,0.7676489670891558
Ultrasound,Sobel,10.812065081768678,0.7850229444403424
Ultrasound,Prewitt,10.852078516770833,0.7840036178152725
Ultrasound,Kirsch,10.638479653879656,0.7900420267438074
Ultrasound,LoG,10.718739883764343,0.5705419166047783
Ultrasound,Roberts,10.416191480752698,0.8471229381767649
Ultrasound,Frei-Chen,10.85236764451398,0.7842307298245256
Ultrasound,Sobel,14.077004590744025,0.6740554028486242
Ultrasound,Prewitt,14.128615505136883,0.6745204018246451
Ultrasound,Kirsch,13.847500090006564,0.691196297378029
Ultrasound,LoG,13.957510411775115,0.5090398264532994
Ultrasound,Roberts,13.534422479411463,0.8150317954036999
Ultrasound,Frei-Chen,14.1305278349867,0.6745827764201431
Ultrasound,Sobel,14.260674059047382,0.8907085427883145
Ultrasound,Prewitt,14.314134646470704,0.890113316892108
Ultrasound,Kirsch,13.997555606730753,0.8938043145383072
Ultrasound,LoG,14.263133652389959,0.7305480139222678
Ultrasound,Roberts,13.689068149168051,0.8982077407234794
Ultrasound,Frei-Chen,14.318611694628034,0.8902061473260878
Ultrasound,Sobel,15.019218618376161,0.8419788666363618
Ultrasound,Prewitt,15.087033939720449,0.8423758339743858
Ultrasound,Kirsch,14.707011224344757,0.8458855271386396
Ultrasound,LoG,14.975242148439452,0.6984698715151926
Ultrasound,Roberts,14.292573781121352,0.8586276150623764
Ultrasound,Frei-Chen,15.09124662351698,0.8423733830138348
Ultrasound,Sobel,12.44089380451625,0.6134794434517447
Ultrasound,Prewitt,12.477769705474502,0.6141430440220667
Ultrasound,Kirsch,12.282124740992842,0.6379341397238135
Ultrasound,LoG,12.34164505636059,0.49009709850055144
Ultrasound,Roberts,12.037315214203554,0.7488056740424748
Ultrasound,Frei-Chen,12.478768697343884,0.6130719983508123
Ultrasound,Sobel,13.670080055002389,0.5343101646727552
Ultrasound,Prewitt,13.677791716504814,0.5368047970450103
Ultrasound,Kirsch,13.435589264314059,0.5568080237327953
Ultrasound,LoG,13.48639470111661,0.382205313628117
Ultrasound,Roberts,13.169183862162662,0.6295869560808754
Ultrasound,Frei-Chen,13.678724778006998,0.5356288206236324
Ultrasound,Sobel,11.697598586219502,0.7263292585346548
Ultrasound,Prewitt,11.739773824920075,0.7266054697299313
Ultrasound,Kirsch,11.508654529802316,0.7408501049649578
Ultrasound,LoG,11.532180390780306,0.5452331535129727
Ultrasound,Roberts,11.270405701108446,0.8116950203193873
Ultrasound,Frei-Chen,11.740759335456755,0.7260890132856321
Ultrasound,Sobel,10.257861045866573,0.7616176572430495
Ultrasound,Prewitt,10.295349266172416,0.7612528362459766
Ultrasound,Kirsch,10.09826329956741,0.766235368924167
Ultrasound,LoG,10.148805836623211,0.5875686616563784
Ultrasound,Roberts,9.885981297946033,0.795873639320613
Ultrasound,Frei-Chen,10.296628499096755,0.7615082064417323
Ultrasound,Sobel,19.20493201659147,0.8365324946192878
Ultrasound,Prewitt,19.25772844021304,0.838303622662101
Ultrasound,Kirsch,18.843684418161622,0.850167201967102
Ultrasound,LoG,19.357254453882533,0.7081905254750079
Ultrasound,Roberts,18.550412687647125,0.8647694702336842
Ultrasound,Frei-Chen,19.26351449638269,0.8373664267191653
Ultrasound,Sobel,12.578549371318918,0.7706096496532258
Ultrasound,Prewitt,12.626477631136044,0.7717546905023314
Ultrasound,Kirsch,12.369180988260036,0.7826478196189838
Ultrasound,LoG,12.411811854125895,0.564385100553091
Ultrasound,Roberts,12.101521800133932,0.8363183343102238
Ultrasound,Frei-Chen,12.627699938195175,0.7711147680111996
Ultrasound,Sobel,13.857892171178028,0.7287487273108503
Ultrasound,Prewitt,13.912775917369585,0.7294516640323152
Ultrasound,Kirsch,13.607666162810272,0.7379221880715295
Ultrasound,LoG,13.68076141781261,0.5642032569556794
Ultrasound,Roberts,13.31689351381626,0.7715702104796119
Ultrasound,Frei-Chen,13.913612865455189,0.728844818537998
Ultrasound,Sobel,14.327960326986513,0.8732864971402436
Ultrasound,Prewitt,14.390954359081158,0.8730122003999348
Ultrasound,Kirsch,14.033547609805922,0.873659490244166
Ultrasound,LoG,14.30324964715765,0.7505174614273187
Ultrasound,Roberts,13.658895195507785,0.8728169827019515
Ultrasound,Frei-Chen,14.396390288628213,0.8730522663339113
Ultrasound,Sobel,10.417461948818072,0.8300159113576104
Ultrasound,Prewitt,10.462952987507544,0.8298063027807064
Ultrasound,Kirsch,10.213293566304424,0.8356232764414471
Ultrasound,LoG,10.300961052657096,0.6080642594569201
Ultrasound,Roberts,9.932348004092946,0.8756560922559138
Ultrasound,Frei-Chen,10.464391575825505,0.8298749262691415
Ultrasound,Sobel,11.766668395511724,0.8599777478461632
Ultrasound,Prewitt,11.821901208125604,0.8600842314721631
Ultrasound,Kirsch,11.524244949335609,0.8632657745504219
Ultrasound,LoG,11.666407281470603,0.6663531649487976
Ultrasound,Roberts,11.207361182621764,0.8849156123588895
Ultrasound,Frei-Chen,11.824188734884824,0.8601494486422394
Ultrasound,Sobel,12.447435566427957,0.844104555476765
Ultrasound,Prewitt,12.498551129954835,0.8438528887397677
Ultrasound,Kirsch,12.217134033478715,0.8465129470148592
Ultrasound,LoG,12.385694179483536,0.6666023297085265
Ultrasound,Roberts,11.897847421730035,0.8807932269111591
Ultrasound,Frei-Chen,12.500659087302463,0.8439336329713563
Ultrasound,Sobel,19.87932798182911,0.7978916944761156
Ultrasound,Prewitt,19.911822945426636,0.8044614869129147
Ultrasound,Kirsch,19.64267032219738,0.8104709791616466
Ultrasound,LoG,19.682596021311436,0.7635351725637873
Ultrasound,Roberts,19.500292480199604,0.7290540079953468
Ultrasound,Frei-Chen,19.92999858567161,0.8016322796794006
